--------------------------------------------------------
--  File created - sobota-stycznia-04-2020   
--------------------------------------------------------
REM INSERTING into PRZYCHODNIA.DZIEN_TYGODNIA

Insert into PRZYCHODNIA.DZIEN_TYGODNIA (ID,DZIEN) values ('1','poniedzialek');
Insert into PRZYCHODNIA.DZIEN_TYGODNIA (ID,DZIEN) values ('2','wtorek');
Insert into PRZYCHODNIA.DZIEN_TYGODNIA (ID,DZIEN) values ('3','sroda');
Insert into PRZYCHODNIA.DZIEN_TYGODNIA (ID,DZIEN) values ('4','czwartek');
Insert into PRZYCHODNIA.DZIEN_TYGODNIA (ID,DZIEN) values ('5','piatek');
Insert into PRZYCHODNIA.DZIEN_TYGODNIA (ID,DZIEN) values ('6','sobota');
Insert into PRZYCHODNIA.DZIEN_TYGODNIA (ID,DZIEN) values ('7','niedziela');
REM INSERTING into PRZYCHODNIA.GODZINA_WIZYTY

Insert into PRZYCHODNIA.GODZINA_WIZYTY (ID,GODZINA) values ('1','7:00-7:30');
Insert into PRZYCHODNIA.GODZINA_WIZYTY (ID,GODZINA) values ('2','7:30-8:00');
Insert into PRZYCHODNIA.GODZINA_WIZYTY (ID,GODZINA) values ('3','8:00-8:30');
Insert into PRZYCHODNIA.GODZINA_WIZYTY (ID,GODZINA) values ('4','8:30-9:00');
Insert into PRZYCHODNIA.GODZINA_WIZYTY (ID,GODZINA) values ('5','9:00-9:30');
Insert into PRZYCHODNIA.GODZINA_WIZYTY (ID,GODZINA) values ('6','9:30-10:00');
Insert into PRZYCHODNIA.GODZINA_WIZYTY (ID,GODZINA) values ('7','10:00-10:30');
Insert into PRZYCHODNIA.GODZINA_WIZYTY (ID,GODZINA) values ('8','10:30-11:00');
Insert into PRZYCHODNIA.GODZINA_WIZYTY (ID,GODZINA) values ('9','11:00-11:30');
Insert into PRZYCHODNIA.GODZINA_WIZYTY (ID,GODZINA) values ('10','11:30-12:00');
Insert into PRZYCHODNIA.GODZINA_WIZYTY (ID,GODZINA) values ('11','12:00-12:30');
Insert into PRZYCHODNIA.GODZINA_WIZYTY (ID,GODZINA) values ('12','12:30-13:00');
Insert into PRZYCHODNIA.GODZINA_WIZYTY (ID,GODZINA) values ('13','13:00-13:30');
Insert into PRZYCHODNIA.GODZINA_WIZYTY (ID,GODZINA) values ('14','13:30-14:00');
REM INSERTING into PRZYCHODNIA.GRAFIK_LEKARZA

REM INSERTING into PRZYCHODNIA.ROLA
Insert into PRZYCHODNIA.ROLA (ID,NAZWA) values ('1','Lekarz');
Insert into PRZYCHODNIA.ROLA (ID,NAZWA) values ('2','Pacjent');
Insert into PRZYCHODNIA.ROLA (ID,NAZWA) values ('3','Rejestracja');

REM INSERTING into PRZYCHODNIA.UZYTKOWNIK
Insert into PRZYCHODNIA.UZYTKOWNIK (ID,ID_ROLA,IMIE,NAZWISKO,PESEL,LOGIN,HASLO,TELEFON,"E-mail") values ('1','1','Piotr','Nowak','75120878465','p.nowak','nowak123','668456789','p.nowak@gmail.com');
Insert into PRZYCHODNIA.UZYTKOWNIK (ID,ID_ROLA,IMIE,NAZWISKO,PESEL,LOGIN,HASLO,TELEFON,"E-mail") values ('2','1','Zenon','Juskowiak','64072334765','z.juskowiak','juskowiak321','792347852','z.juskowiak@onet.pl');
Insert into PRZYCHODNIA.UZYTKOWNIK (ID,ID_ROLA,IMIE,NAZWISKO,PESEL,LOGIN,HASLO,TELEFON,"E-mail") values ('3','2','Jan','Kowalski','58021487532','j.kowalski','kowalski!!!','765387264','j.kowalski@wp.pl');
Insert into PRZYCHODNIA.UZYTKOWNIK (ID,ID_ROLA,IMIE,NAZWISKO,PESEL,LOGIN,HASLO,TELEFON,"E-mail") values ('4','2','Grazyna','Stachowiak','76031897385','g.stachowiak','grazyna123','692569873','g.stachowiak@gmail.com');
Insert into PRZYCHODNIA.UZYTKOWNIK (ID,ID_ROLA,IMIE,NAZWISKO,PESEL,LOGIN,HASLO,TELEFON,"E-mail") values ('5','3','Edyta','Gorniak','79041545783','e.gorniak','edytaaa!','888456382','e.gorniak@interia.pl');

Insert into PRZYCHODNIA.GRAFIK_LEKARZA (ID,ID_UZYTKOWNIKA_LEKARZ,ID_DZIEN_TYGODNIA,ID_GODZINA_WIZYTY) values ('1','1','1','1');
Insert into PRZYCHODNIA.GRAFIK_LEKARZA (ID,ID_UZYTKOWNIKA_LEKARZ,ID_DZIEN_TYGODNIA,ID_GODZINA_WIZYTY) values ('2','1','1','2');
Insert into PRZYCHODNIA.GRAFIK_LEKARZA (ID,ID_UZYTKOWNIKA_LEKARZ,ID_DZIEN_TYGODNIA,ID_GODZINA_WIZYTY) values ('3','1','1','3');
Insert into PRZYCHODNIA.GRAFIK_LEKARZA (ID,ID_UZYTKOWNIKA_LEKARZ,ID_DZIEN_TYGODNIA,ID_GODZINA_WIZYTY) values ('4','1','1','4');
Insert into PRZYCHODNIA.GRAFIK_LEKARZA (ID,ID_UZYTKOWNIKA_LEKARZ,ID_DZIEN_TYGODNIA,ID_GODZINA_WIZYTY) values ('5','1','3','7');
Insert into PRZYCHODNIA.GRAFIK_LEKARZA (ID,ID_UZYTKOWNIKA_LEKARZ,ID_DZIEN_TYGODNIA,ID_GODZINA_WIZYTY) values ('6','1','3','8');
Insert into PRZYCHODNIA.GRAFIK_LEKARZA (ID,ID_UZYTKOWNIKA_LEKARZ,ID_DZIEN_TYGODNIA,ID_GODZINA_WIZYTY) values ('7','1','3','9');
Insert into PRZYCHODNIA.GRAFIK_LEKARZA (ID,ID_UZYTKOWNIKA_LEKARZ,ID_DZIEN_TYGODNIA,ID_GODZINA_WIZYTY) values ('8','1','3','10');
Insert into PRZYCHODNIA.GRAFIK_LEKARZA (ID,ID_UZYTKOWNIKA_LEKARZ,ID_DZIEN_TYGODNIA,ID_GODZINA_WIZYTY) values ('9','2','2','9');
Insert into PRZYCHODNIA.GRAFIK_LEKARZA (ID,ID_UZYTKOWNIKA_LEKARZ,ID_DZIEN_TYGODNIA,ID_GODZINA_WIZYTY) values ('10','2','2','10');
Insert into PRZYCHODNIA.GRAFIK_LEKARZA (ID,ID_UZYTKOWNIKA_LEKARZ,ID_DZIEN_TYGODNIA,ID_GODZINA_WIZYTY) values ('11','2','2','11');
Insert into PRZYCHODNIA.GRAFIK_LEKARZA (ID,ID_UZYTKOWNIKA_LEKARZ,ID_DZIEN_TYGODNIA,ID_GODZINA_WIZYTY) values ('12','2','2','12');
Insert into PRZYCHODNIA.GRAFIK_LEKARZA (ID,ID_UZYTKOWNIKA_LEKARZ,ID_DZIEN_TYGODNIA,ID_GODZINA_WIZYTY) values ('13','2','4','3');
Insert into PRZYCHODNIA.GRAFIK_LEKARZA (ID,ID_UZYTKOWNIKA_LEKARZ,ID_DZIEN_TYGODNIA,ID_GODZINA_WIZYTY) values ('14','2','4','4');
Insert into PRZYCHODNIA.GRAFIK_LEKARZA (ID,ID_UZYTKOWNIKA_LEKARZ,ID_DZIEN_TYGODNIA,ID_GODZINA_WIZYTY) values ('15','2','4','5');
Insert into PRZYCHODNIA.GRAFIK_LEKARZA (ID,ID_UZYTKOWNIKA_LEKARZ,ID_DZIEN_TYGODNIA,ID_GODZINA_WIZYTY) values ('16','2','4','6');

REM INSERTING into PRZYCHODNIA.WIZYTA
Insert into PRZYCHODNIA.WIZYTA (ID,ID_UZYTKOWNIKA_LEKARZ,ID_UZYTKOWNIKA_PACJENT,DATA_WIZYTY,ID_DZIEN_TYGODNIA,ID_GODZINA_WIZYTY,GABINET) values ('1','1','3',to_date('20/01/16','RR/MM/DD'),'4','6','11');
Insert into PRZYCHODNIA.WIZYTA (ID,ID_UZYTKOWNIKA_LEKARZ,ID_UZYTKOWNIKA_PACJENT,DATA_WIZYTY,ID_DZIEN_TYGODNIA,ID_GODZINA_WIZYTY,GABINET) values ('2','2','4',to_date('20/01/17','RR/MM/DD'),'5','8','8');
Insert into PRZYCHODNIA.WIZYTA (ID,ID_UZYTKOWNIKA_LEKARZ,ID_UZYTKOWNIKA_PACJENT,DATA_WIZYTY,ID_DZIEN_TYGODNIA,ID_GODZINA_WIZYTY,GABINET) values ('3','1','3',to_date('20/01/22','RR/MM/DD'),'3','2','4');
